Workbook

Sheet SIKLUS MENU
B2: SIKLUS MENU MBG SPPG NGAWEN
B3: 46223 | C3: =B3+1 -> 46224 | D3: =C3+1 -> 46225 | E3: =D3+1 -> 46226 | F3: =E3+1 -> 46227 | G3: =F3+1 -> 46228
B4: NASI PUTIH | C4: NASI PUTIH | D4: NASI PUTIH | E4: KENTANG | F4: BUBUR KACANG HIJAU | G4: SUSU UHT 125 ML (INDOMILK)
B5: TELUR PUYUH KECAP | C5: CHIKEN DRUM STIK | D5: LELE BAKAR | E5: SIOMAY | F5: ROTI TAWAR | G5: SUSU UHT 200 ML (INDOMILK)
B6: EDAMAME | C6: TAHU SAUS TIRAM | D6: TEMPE GORENG | E6: KUBIS GULUNG REBUS | F6: SUSU | G6: JERUK MANDARIN
B7: TUMIS ( WORTEL,JAGUNG BABY,JAMUR ) | C7: REBUSAN ( WORTEL & BUNCIS ) | D7: TUMIS SAWI & WORTEL | E7: SAUS KACANG | F7: KEJU PARUT
B8: MELON | C8: SEMANGKA | D8: PEPAYA | E8: ANGGUR | F8: KELENGKENG

Sheet NILAI GIZI
A2: Menu 1 | B2: Bahan Baku | C2: Berat Kotor PAUD/TK/ SD 1-3 | D2: Berat Bersih PAUD/TK/ SD 1-3 | E2: Berat Matang PAUD/TK/ SD 1-3 | F2: E | G2: P | H2: L | I2: KH | J2: S | K2: Berat Kotor SD 4-6 | L2: Berat Bersih SD 4-6 | M2: Berat Matang SD 4-6 | N2: E | O2: P | P2: L | Q2: KH | R2: S | S2: Berat Kotor SMP | T2: Berat Bersih SMP | U2: Berat Matang SMP | V2: E | W2: P | X2: L | Y2: KH | Z2: S
A7: TOTAL NILAI GIZI | F7: =SUM(F3:F6) -> 0 | G7: =SUM(G3:G6) -> 0 | H7: =SUM(H3:H6) -> 0 | I7: =SUM(I3:I6) -> 0 | J7: =SUM(J3:J6) -> 0 | N7: =SUM(N3:N6) -> 0 | O7: =SUM(O3:O6) -> 0 | P7: =SUM(P3:P6) -> 0 | Q7: =SUM(Q3:Q6) -> 0 | R7: =SUM(R3:R6) -> 0 | V7: =SUM(V3:V6) -> 0 | W7: =SUM(W3:W6) -> 0 | X7: =SUM(X3:X6) -> 0 | Y7: =SUM(Y3:Y6) -> 0 | Z7: =SUM(Z3:Z6) -> 0
A9: Menu 2 | B9: Bahan Baku | C9: Berat Kotor PAUD/TK/ SD 1-3 | D9: Berat Bersih PAUD/TK/ SD 1-3 | E9: Berat Matang PAUD/TK/ SD 1-3 | F9: E | G9: P | H9: L | I9: KH | J9: S | K9: Berat Kotor SD 4-6 | L9: Berat Bersih SD 4-6 | M9: Berat Matang SD 4-6 | N9: E | O9: P | P9: L | Q9: KH | R9: S | S9: Berat Kotor SMP | T9: Berat Bersih SMP | U9: Berat Matang SMP | V9: E | W9: P | X9: L | Y9: KH | Z9: S
A15: TOTAL NILAI GIZI | F15: =SUM(F10:F14) -> 0 | G15: =SUM(G10:G14) -> 0 | H15: =SUM(H10:H14) -> 0 | I15: =SUM(I10:I14) -> 0 | J15: =SUM(J10:J14) -> 0 | N15: =SUM(N10:N14) -> 0 | O15: =SUM(O10:O14) -> 0 | P15: =SUM(P10:P14) -> 0 | Q15: =SUM(Q10:Q14) -> 0 | R15: =SUM(R10:R14) -> 0 | V15: =SUM(V10:V13) -> 0 | W15: =SUM(W10:W13) -> 0 | X15: =SUM(X10:X13) -> 0 | Y15: =SUM(Y10:Y13) -> 0 | Z15: =SUM(Z10:Z13) -> 0
A18: Menu 3 | B18: Bahan Baku | C18: Berat Kotor PAUD/TK/ SD 1-3 | D18: Berat Bersih PAUD/TK/ SD 1-3 | E18: Berat Matang PAUD/TK/ SD 1-3 | F18: E | G18: P | H18: L | I18: KH | J18: S | K18: Berat Kotor SD 4-6 | L18: Berat Bersih SD 4-6 | M18: Berat Matang SD 4-6 | N18: E | O18: P | P18: L | Q18: KH | R18: S | S18: Berat Kotor SMP | T18: Berat Bersih SMP | U18: Berat Matang SMP | V18: E | W18: P | X18: L | Y18: KH | Z18: S
A24: TOTAL NILAI GIZI | F24: =SUM(F19:F23) -> 0 | G24: =SUM(G19:G23) -> 0 | H24: =SUM(H19:H23) -> 0 | I24: =SUM(I19:I23) -> 0 | J24: =SUM(J19:J23) -> 0 | N24: =SUM(N19:N23) -> 0 | O24: =SUM(O19:O23) -> 0 | P24: =SUM(P19:P23) -> 0 | Q24: =SUM(Q19:Q23) -> 0 | R24: =SUM(R19:R23) -> 0 | V24: =SUM(V19:V23) -> 0 | W24: =SUM(W19:W23) -> 0 | X24: =SUM(X19:X23) -> 0 | Y24: =SUM(Y19:Y23) -> 0 | Z24: =SUM(Z19:Z23) -> 0
A27: Menu 4 | B27: Bahan Baku | C27: Berat Kotor PAUD/TK/ SD 1-3 | D27: Berat Bersih PAUD/TK/ SD 1-3 | E27: Berat Matang PAUD/TK/ SD 1-3 | F27: E | G27: P | H27: L | I27: KH | J27: S | K27: Berat Kotor SD 4-6 | L27: Berat Bersih SD 4-6 | M27: Berat Matang SD 4-6 | N27: E | O27: P | P27: L | Q27: KH | R27: S | S27: Berat Kotor SMP | T27: Berat Bersih SMP | U27: Berat Matang SMP | V27: E | W27: P | X27: L | Y27: KH | Z27: S
A32: TOTAL NILAI GIZI | F32: =SUM(F28:F31) -> 0 | G32: =SUM(G28:G31) -> 0 | H32: =SUM(H28:H31) -> 0 | I32: =SUM(I28:I31) -> 0 | J32: =SUM(J28:J31) -> 0 | N32: =SUM(N28:N31) -> 0 | O32: =SUM(O28:O31) -> 0 | P32: =SUM(P28:P31) -> 0 | Q32: =SUM(Q28:Q31) -> 0 | R32: =SUM(R28:R31) -> 0 | V32: =SUM(V28:V31) -> 0 | W32: =SUM(W28:W31) -> 0 | X32: =SUM(X28:X31) -> 0 | Y32: =SUM(Y28:Y31) -> 0 | Z32: =SUM(Z28:Z31) -> 0
A35: Menu 5 | B35: Bahan Baku | C35: Berat Kotor PAUD/TK/ SD 1-3 | D35: Berat Bersih PAUD/TK/ SD 1-3 | E35: Berat Matang PAUD/TK/ SD 1-3 | F35: E | G35: P | H35: L | I35: KH | J35: S | K35: Berat Kotor SD 4-6 | L35: Berat Bersih SD 4-6 | M35: Berat Matang SD 4-6 | N35: E | O35: P | P35: L | Q35: KH | R35: S | S35: Berat Kotor SMP | T35: Berat Bersih SMP | U35: Berat Matang SMP | V35: E | W35: P | X35: L | Y35: KH | Z35: S
A41: TOTAL NILAI GIZI | F41: =SUM(F36:F40) -> 0 | G41: =SUM(G36:G40) -> 0 | H41: =SUM(H36:H40) -> 0 | I41: =SUM(I36:I40) -> 0 | J41: =SUM(J36:J40) -> 0 | N41: =SUM(N36:N40) -> 0 | O41: =SUM(O36:O40) -> 0 | P41: =SUM(P36:P40) -> 0 | Q41: =SUM(Q36:Q40) -> 0 | R41: =SUM(R36:R40) -> 0 | V41: =SUM(V36:V40) -> 0 | W41: =SUM(W36:W40) -> 0 | X41: =SUM(X36:X40) -> 0 | Y41: =SUM(Y36:Y40) -> 0 | Z41: =SUM(Z36:Z40) -> 0
A44: Menu 6 | B44: Bahan Baku | C44: Berat Kotor PAUD/TK/ SD 1-3 | D44: Berat Bersih PAUD/TK/ SD 1-3 | E44: Berat Matang PAUD/TK/ SD 1-3 | F44: E | G44: P | H44: L | I44: KH | J44: S | K44: Berat Kotor SD 4-6 | L44: Berat Bersih SD 4-6 | M44: Berat Matang SD 4-6 | N44: E | O44: P | P44: L | Q44: KH | R44: S | S44: Berat Kotor SMP | T44: Berat Bersih SMP | U44: Berat Matang SMP | V44: E | W44: P | X44: L | Y44: KH | Z44: S
A48: TOTAL NILAI GIZI | F48: =SUM(F45:F47) -> 0 | G48: =SUM(G45:G47) -> 0 | H48: =SUM(H45:H47) -> 0 | I48: =SUM(I45:I47) -> 0 | J48: =SUM(J45:J47) -> 0 | N48: =SUM(N45:N47) -> 0 | O48: =SUM(O45:O47) -> 0 | P48: =SUM(P45:P47) -> 0 | Q48: =SUM(Q45:Q47) -> 0 | R48: =SUM(R45:R47) -> 0 | V48: =SUM(V45:V47) -> 0 | W48: =SUM(W45:W47) -> 0 | X48: =SUM(X45:X47) -> 0 | Y48: =SUM(Y45:Y47) -> 0 | Z48: =SUM(Z45:Z47) -> 0

Sheet SENIN
A4: Paket Menu | C4: ='SIKLUS MENU'!B3 -> 46223
A5: HARI KEDATANGAN | B5: =C4-1 -> 46222
A6: DEPARTMENT | B6: SPPG Ngawen
A7: DATE | B7: =C4 -> 46223
A8: PENERIMA MANFAAT | B8: PAUD, TK, SD 1-3 | C8: 643 | D8: 8000 | E8: =D8*C8 -> 5144000
B9: SD 4-6, Guru, Tendik, Sampel | C9: 506 | D9: 10000 | E9: =D9*C9 -> 5060000
B10: TOTAL | C10: =SUM(C8:C9) -> 1149 | E10: =SUM(E8:E9) -> 10204000
A11: MATERIAL REQUISITION FORM
A13: MENU BASAH
A15: NO | B15: ITEM | C15: QTY | D15: SATUAN | E15: HARGA SATUAN | F15: JUMLAH
A17: 1 | B17: Beras | C17: 72 | D17: kg | E17: 15500 | F17: =C17*E17 -> 1116000
A18: 2 | B18: Telur Puyuh mentah | C18: 5130 | D18: pcs | E18: 600 | F18: =C18*E18 -> 3078000
A19: 3 | B19: Garam | C19: 2 | D19: kg | E19: 14000 | F19: =C19*E19 -> 28000
A20: 4 | B20: Royco | C20: 2 | D20: kg | E20: 51000 | F20: =C20*E20 -> 102000
A21: 5 | B21: Bawang Merah Kupas | C21: 1.5 | D21: kg | E21: 44000 | F21: =C21*E21 -> 66000
A22: 6 | B22: Bawang Putih Kupas | C22: 1.5 | D22: kg | E22: 46000 | F22: =C22*E22 -> 69000
A23: 7 | B23: Daun salam | C23: 0.25 | D23: kg | E23: 17000 | F23: =C23*E23 -> 4250
A24: 8 | B24: Lengkuas | C24: 0.25 | D24: kg | E24: 12000 | F24: =C24*E24 -> 3000
A25: 9 | B25: Gula Merah | C25: 2 | D25: kg | E25: 27000 | F25: =C25*E25 -> 54000
A26: 10 | B26: Marica Bubuk | C26: 0.25 | D26: kg | E26: 171000 | F26: =C26*E26 -> 42750
A27: 11 | B27: Ketumbar | C27: 0.25 | D27: kg | E27: 36000 | F27: =C27*E27 -> 9000
A28: 12 | B28: Kemiri | C28: 0.25 | D28: kg | E28: 51000 | F28: =C28*E28 -> 12750
... A40: 24 | B40: Kecap Manis | C40: 3 | D40: kg | E40: 39000 | F40: =C40*E40 -> 117000
A41: 25 | F41: =C41*E41 -> 0
A42: 26 | F42: =C42*E42 -> 0
A43: 27 | F43: =C43*E43 -> 0
A44: 28 | F44: =C44*E44 -> 0
A45: ESTIMASI TOTAL BAHAN BAKU | F45: =SUM(F17:F44) -> 8910750

Sheet SELASA
A4: Paket Menu | C4: ='SIKLUS MENU'!C3 -> 46224
A5: HARI KEDATANGAN | B5: =C4-1 -> 46223
A6: DEPARTMENT | B6: SPPG Ngawen
A7: DATE | B7: =C4 -> 46224
A8: PENERIMA MANFAAT | B8: PAUD, TK, SD 1-3 | C8: 643 | D8: 8000 | E8: =D8*C8 -> 5144000
B9: SD 4-6, Guru, Tendik, Sampel | C9: 506 | D9: 10000 | E9: =D9*C9 -> 5060000
B10: TOTAL | C10: =SUM(C8:C9) -> 1149 | E10: =SUM(E8:E9) -> 10204000
A11: MATERIAL REQUISITION FORM
A13: MENU BASAH
A15: NO | B15: ITEM | C15: QTY | D15: SATUAN | E15: HARGA SATUAN | F15: JUMLAH
A17: 1 | B17: Beras | C17: 72 | D17: kg | E17: 15500 | F17: =C17*E17 -> 1116000
A18: 2 | B18: Ayam Giling | C18: 56 | D18: kg | E18: 52000 | F18: =C18*E18 -> 2912000
A19: 3 | B19: Kecap Asin | C19: 1 | D19: btl | E19: 51000 | F19: =C19*E19 -> 51000
A20: 4 | B20: Minyak Wijen | C20: 1 | D20: btl | E20: 58500 | F20: =C20*E20 -> 58500
A21: 5 | B21: Saus Tiram | C21: 2 | D21: btl | E21: 57000 | F21: =C21*E21 -> 114000
A22: 6 | B22: Jahe Bubuk | C22: 2 | D22: renceng | E22: 7000 | F22: =C22*E22 -> 14000
A23: 7 | B23: Gula Pasir | C23: 2 | D23: kg | E23: 20000 | F23: =C23*E23 -> 40000
A24: 8 | B24: Bawang Putih Kupas | C24: 1.5 | D24: kg | E24: 46000 | F24: =C24*E24 -> 69000
A25: 9 | B25: Bawang Merah Kupas | C25: 2 | D25: kg | E25: 44000 | F25: =C25*E25 -> 88000
A26: 10 | B26: Royco | C26: 2 | D26: kg | E26: 51000 | F26: =C26*E26 -> 102000
A27: 11 | B27: Merica Bubuk | C27: 0.25 | D27: kg | E27: 171000 | F27: =C27*E27 -> 42750
A28: 12 | B28: Tepung Tapioka | C28: 15 | D28: kg | E28: 16000 | F28: =C28*E28 -> 240000
... A42: 26 | B42: Selada | C42: 8 | D42: kg | E42: 15000 | F42: =C42*E42 -> 120000
A43: ESTIMASI TOTAL BAHAN BAKU | F43: =SUM(F17:F42) -> 9920750

Sheet RABU
A4: Paket Menu | C4: ='SIKLUS MENU'!D3 -> 46225
A5: HARI KEDATANGAN | B5: =C4-1 -> 46224
A6: DEPARTMENT | B6: SPPG Ngawen
A7: DATE | B7: =C4 -> 46225
A8: PENERIMA MANFAAT | B8: PAUD, TK, SD 1-3 | C8: 643 | D8: 8000 | E8: =D8*C8 -> 5144000
B9: SD 4-6, Guru, Tendik, Sampel | C9: 506 | D9: 10000 | E9: =D9*C9 -> 5060000
B10: TOTAL | C10: =SUM(C8:C9) -> 1149 | E10: =SUM(E8:E9) -> 10204000
A11: MATERIAL REQUISITION FORM
A13: MENU BASAH
A15: NO | B15: ITEM | C15: QTY | D15: SATUAN | E15: HARGA SATUAN | F15: JUMLAH
A17: 1 | B17: Beras | C17: 72 | D17: kg | E17: 15500 | F17: =C17*E17 -> 1116000
A18: 2 | B18: Lele fillet | C18: 50 | D18: kg | E18: 63000 | F18: =C18*E18 -> 3150000
A19: 3 | B19: Bawang Merah Kupas | C19: 1.5 | D19: kg | E19: 44000 | F19: =C19*E19 -> 66000
A20: 4 | B20: Bawang Putih Kupas | C20: 1.5 | D20: kg | E20: 46000 | F20: =C20*E20 -> 69000
A21: 5 | B21: Kunyit Bubuk | C21: 1 | D21: renteng | E21: 8000 | F21: =C21*E21 -> 8000
A22: 6 | B22: Bumbu Marinasi Tempe | C22: 1 | D22: renteng | E22: 13000 | F22: =C22*E22 -> 13000
A23: 7 | B23: Mentega | C23: 2 | D23: kg | E23: 23000 | F23: =C23*E23 -> 46000
A24: 8 | B24: Garam | C24: 2 | D24: kg | E24: 14000 | F24: =C24*E24 -> 28000
A25: 9 | B25: Royco | C25: 2 | D25: kg | E25: 51000 | F25: =C25*E25 -> 102000
A26: 10 | B26: Marica Bubuk | C26: 0.25 | D26: kg | E26: 171000 | F26: =C26*E26 -> 42750
A27: 11 | B27: Sawi Putih | C27: 20 | D27: kg | E27: 7000 | F27: =C27*E27 -> 140000
A28: 12 | B28: Wortel | C28: 15 | D28: kg | E28: 17000 | F28: =C28*E28 -> 255000
... A38: 22 | B38: Gula Pasir | C38: 2 | D38: kg | E38: 20000 | F38: =C38*E38 -> 40000
A39: 23 | F39: =C39*E39 -> 0
A40: 24 | F40: =C40*E40 -> 0
A41: 25 | F41: =C41*E41 -> 0
A42: 26 | F42: =C42*E42 -> 0
A43: 27 | F43: =C43*E43 -> 0
A44: 28 | F44: =C44*E44 -> 0
A45: 29 | F45: =C45*E45 -> 0
A46: 30 | F46: =C46*E46 -> 0
A47: ESTIMASI TOTAL BAHAN BAKU | F47: =SUM(F17:F46) -> 10001500

Sheet KAMIS
A4: Paket Menu | C4: ='SIKLUS MENU'!E3 -> 46226
A5: HARI KEDATANGAN | B5: =C4-1 -> 46225
A6: DEPARTMENT | B6: SPPG Ngawen
A7: DATE | B7: =C4 -> 46226
A8: PENERIMA MANFAAT | B8: PAUD, TK, SD 1-3 | C8: 643 | D8: 8000 | E8: =D8*C8 -> 5144000
B9: SD 4-6, Guru, Tendik, Sampel | C9: 506 | D9: 10000 | E9: =D9*C9 -> 5060000
B10: TOTAL | C10: =SUM(C8:C9) -> 1149 | E10: =SUM(E8:E9) -> 10204000
A11: MATERIAL REQUISITION FORM
A13: MENU BASAH
A15: NO | B15: ITEM | C15: QTY | D15: SATUAN | E15: HARGA SATUAN | F15: JUMLAH
A17: 1 | B17: Kentang Sedang | C17: 70 | D17: kg | E17: 17500 | F17: =E17*C17 -> 1225000
A18: 2 | B18: Ayam Giling | C18: 55 | D18: kg | E18: 52000 | F18: =E18*C18 -> 2860000
A19: 3 | B19: Bawang Putih Kupas | C19: 1.5 | D19: kg | E19: 46000 | F19: =E19*C19 -> 69000
A20: 4 | B20: Bawang Merah Kupas | C20: 1 | D20: kg | E20: 44000 | F20: =E20*C20 -> 44000
A21: 5 | B21: Marica Bubuk | C21: 0.25 | D21: kg | E21: 171000 | F21: =E21*C21 -> 42750
A22: 6 | B22: Garam | C22: 2 | D22: kg | E22: 14000 | F22: =E22*C22 -> 28000
A23: 7 | B23: Royco | C23: 2 | D23: kg | E23: 51000 | F23: =E23*C23 -> 102000
A24: 8 | B24: Gula Pasir | C24: 2 | D24: kg | E24: 20000 | F24: =E24*C24 -> 40000
A25: 9 | B25: Kecap Ikan | C25: 1 | D25: btl | E25: 45000 | F25: =E25*C25 -> 45000
A26: 10 | B26: Minyak Wijen | C26: 1 | D26: btl | E26: 58500 | F26: =E26*C26 -> 58500
A27: 11 | B27: Telur | C27: 10 | D27: kg | E27: 26000 | F27: =E27*C27 -> 260000
A28: 12 | B28: Daun Bawang | C28: 2 | D28: kg | E28: 14000 | F28: =E28*C28 -> 28000
... A37: 21 | B37: Anggur merah | C37: 50 | D37: kg | E37: 75000 | F37: =E37*C37 -> 3750000
A38: 22 | F38: =E38*C38 -> 0
A39: 23 | F39: =E39*C39 -> 0
A40: ESTIMASI TOTAL BAHAN BAKU | F40: =SUM(F17:F39) -> 10766250

Sheet JUMAT
A4: Paket Menu | C4: ='SIKLUS MENU'!F3 -> 46227
A5: HARI KEDATANGAN | B5: =C4-1 -> 46226
A6: DEPARTMENT | B6: SPPG Ngawen
A7: DATE | B7: =C4 -> 46227
A8: PENERIMA MANFAAT | B8: PAUD, TK, SD 1-3 | C8: 643 | D8: 8000 | E8: =D8*C8 -> 5144000
B9: SD 4-6, Guru, Tendik, Sampel | C9: 506 | D9: 10000 | E9: =D9*C9 -> 5060000
B10: TOTAL | C10: =SUM(C8:C9) -> 1149 | E10: =SUM(E8:E9) -> 10204000
A11: MATERIAL REQUISITION FORM
A13: MENU BASAH
A15: NO | B15: ITEM | C15: QTY | D15: SATUAN | E15: HARGA SATUAN | F15: JUMLAH
A17: 1 | B17: Kacang Hijau | C17: 33 | D17: kg | E17: 39000 | F17: =E17*C17 -> 1287000
A18: 2 | B18: Daun Pandan | C18: 0.25 | D18: kg | E18: 28000 | F18: =E18*C18 -> 7000
A19: 3 | B19: Jahe | C19: 0.5 | D19: kg | E19: 32000 | F19: =E19*C19 -> 16000
A20: 4 | B20: Gula Merah | C20: 4 | D20: kg | E20: 27000 | F20: =E20*C20 -> 108000
A21: 5 | B21: Susu 125 ml (ultra milk) | C21: 1149 | D21: pcs | E21: 3725 | F21: =E21*C21 -> 4280025
A22: 6 | B22: Keju Wincheese | C22: 5 | D22: kg | E22: 56000 | F22: =E22*C22 -> 280000
A23: 7 | B23: Roti Tawar ( ISI 2) | C23: 576 | D23: pck | E23: 2800 | F23: =E23*C23 -> 1612800
A24: 8 | B24: Garam | C24: 1 | D24: kg | E24: 14000 | F24: =E24*C24 -> 14000
A25: 9 | B25: Kelengkeng | C25: 50 | D25: kg | E25: 70000 | F25: =E25*C25 -> 3500000
A26: 10 | B26: Vanili (Merek kupu") | C26: 1 | D26: btl | E26: 12000 | F26: =E26*C26 -> 12000
A27: 11 | F27: =E27*C27 -> 0
A28: 12 | F28: =E28*C28 -> 0
A29: 13 | F29: =E29*C29 -> 0
A30: 14 | F30: =E30*C30 -> 0
A31: 15 | F31: =E31*C31 -> 0
A32: 16 | F32: =E32*C32 -> 0
A33: 17 | F33: =E33*C33 -> 0
A34: 18 | F34: =E34*C34 -> 0
A35: 19 | F35: =E35*C35 -> 0
A36: 20 | F36: =E36*C36 -> 0
A37: 21 | F37: =E37*C37 -> 0
A38: 22 | F38: =E38*C38 -> 0
... A40: 24 | F40: =E40*C40 -> 0
A41: ESTIMASI TOTAL BAHAN BAKU | F41: =SUM(F17:F40) -> 11116825

Sheet SABTU
A4: Paket Menu | D4: ='SIKLUS MENU'!G3 -> 46228
A5: HARI KEDATANGAN | C5: =D4-1 -> 46227
A6: DEPARTMENT | C6: SPPG Ngawen
A7: DATE | C7: =D4 -> 46228
A8: PENERIMA MANFAAT | C8: PAUD, TK, SD 1-3 | D8: 211 | E8: 8000 | F8: =E8*D8 -> 1688000
C9: SD 4-6, Guru, Tendik, Sampel | D9: 82 | E9: 10000 | F9: =E9*D9 -> 820000
C10: TOTAL | D10: =SUM(D8:D9) -> 293 | F10: =SUM(F8:F9) -> 2508000
A11: MATERIAL REQUISITION FORM
A13: MENU BASAH
A15: NO | B15: ITEM | D15: QTY | E15: SATUAN | F15: HARGA SATUAN | G15: JUMLAH | H15: KETERANGAN
A17: 1 | B17: Susu uht 200 ml (ultra milk) | D17: 211 | E17: pcs | F17: 5700 | G17: =F17*D17 -> 1202700
A18: 2 | B18: Susu uht 125 ml (ultra milk) | D18: 82 | E18: pcs | F18: 3725 | G18: =F18*D18 -> 305450
A19: 3 | B19: Jeruk Mandarin | D19: 295 | E19: pcs | F19: 4300 | G19: =F19*D19 -> 1268500
A20: 4
A21: 5
A22: 6
A23: 7
A24: 8
A25: 9
A26: 10
A27: 11
A28: 12
A29: 13
A30: 14
A31: 15
A32: 16
A33: ESTIMASI TOTAL BAHAN BAKU | G33: =SUM(G17:G32) -> 2776650

Sheet BUDGETING
B2: REKAP BUDGET
B3: Senin | C3: =SENIN!F45 -> 8910750
B4: Selasa | C4: =SELASA!F43 -> 9920750
B5: Rabu | C5: =RABU!F47 -> 10001500
B6: Kamis | C6: =KAMIS!F40 -> 10766250
B7: Jumat | C7: =JUMAT!F41 -> 11116825
B8: Sabtu | C8: =SABTU!G33 -> 2776650
B9: Total | C9: =SUM(C3:C8) -> 53492725
B10: Pagu Maksimal 1 Minggu | C10: =SENIN!E10+SELASA!E10+RABU!E10+KAMIS!E10+JUMAT!E10+SABTU!F10 -> 53528000
B11: DEFISIT/SURPLUS | C11: =C10-C9 -> 35275
